DATE,Samsung Price,Samsung Vol,Kospi Price,Kospi Vol,KRX Price,KRX Vol 
2018-05-04,51900,39565391,"2,461.38","612,024","2,572.67","10,981,412"
2018-05-08,52600,23104720,"2,449.81","714,734","2,539.70","11,266,686"
2018-05-09,50900,16128305,"2,443.98","593,366","2,587.42","10,789,315"
2018-05-10,51600,13905263,"2,464.16","490,005","2,615.18","9,730,015"
2018-05-11,51300,10314997,"2,477.71","599,901","2,643.65","10,599,897"
2018-05-14,50100,14909272,"2,476.11","650,708","2,596.90","9,660,027"
2018-05-15,49200,18709146,"2,458.54","712,620","2,607.76","9,801,982"
2018-05-16,49850,15918683,"2,459.82","691,813","2,596.77","12,170,193"
2018-05-17,49400,10365440,"2,448.45","596,772","2,601.09","11,579,595"
2018-05-18,49500,6706570,"2,460.65","431,377","2,646.36","12,813,615"
2018-05-21,50000,9020998,"2,465.57","588,088","2,648.12","12,254,917"
2018-05-23,51800,17095490,"2,471.91","752,676","2,748.73","23,260,731"
2018-05-24,51400,8289275,"2,466.01","638,126","2,736.75","17,912,968"
2018-05-25,52700,15207266,"2,460.80","653,592","2,741.53","15,938,798"
2018-05-28,52300,9787820,"2,478.96","708,362","2,731.43","16,647,983"
2018-05-29,51300,8480437,"2,457.25","571,837","2,727.93","16,706,587"
2018-05-30,49500,20498098,"2,409.03","575,922","2,742.44","16,506,256"
2018-05-31,50700,63491109,"2,423.01","816,930","2,732.06","14,344,634"
2018-06-01,51300,13038499,"2,438.96","603,023","2,710.60","11,634,123"
2018-06-04,51100,9767171,"2,447.76","438,929","2,688.19","10,536,829"
2018-06-05,51300,9144100,"2,453.76","501,364","2,747.08","12,744,457"
2018-06-07,50600,13590016,"2,470.58","474,147","2,773.29","10,812,166"
2018-06-08,49650,16951706,"2,451.58","530,160","2,721.28","12,562,462"
2018-06-11,49900,10571312,"2,470.15","427,947","2,724.96","9,689,184"
2018-06-12,49400,12110569,"2,468.83","613,166","2,720.57","10,514,993"
2018-06-14,48200,20971729,"2,423.48","533,448","2,674.75","21,862,160"
2018-06-15,47650,17080892,"2,404.04","502,362","2,653.08","14,323,476"
2018-06-18,46600,16661870,"2,376.24","564,819","2,544.98","17,873,622"
2018-06-19,47000,15217971,"2,340.11","606,305","2,505.12","14,989,731"
2018-06-20,47000,12959316,"2,363.91","456,004","2,590.86","11,799,298"
2018-06-21,47050,10015541,"2,337.83","438,264","2,562.14","10,315,486"
2018-06-22,47250,10298006,"2,357.22","537,264","2,591.94","11,445,591"
2018-06-25,46650,10587711,"2,357.88","415,080","2,551.03","16,442,861"
2018-06-26,47000,11223166,"2,350.92","470,915","2,545.83","13,882,183"
2018-06-27,47950,15274752,"2,342.03","526,625","2,526.86","10,379,211"
2018-06-28,46800,12784800,"2,314.24","414,371","2,457.19","11,174,074"
2018-06-29,46650,14099635,"2,326.13","396,663","2,481.92","9,994,765"
2018-07-02,45550,13112253,"2,271.54","393,266","2,394.17","10,596,112"
2018-07-03,46150,10959655,"2,272.76","366,028","2,445.30","11,281,323"
2018-07-04,46250,8776763,"2,265.46","315,103","2,456.92","8,525,255"
2018-07-05,45950,7039773,"2,257.55","346,884","2,470.93","7,520,346"
2018-07-06,44900,17843706,"2,272.87","344,433","2,503.83","9,395,510"
2018-07-09,45600,11602464,"2,285.80","352,639","2,535.70","7,913,864"
2018-07-10,46300,10528665,"2,294.16","339,919","2,553.30","12,004,424"
2018-07-11,46000,11224077,"2,280.62","422,989","2,529.32","13,364,843"
2018-07-12,45500,11828104,"2,285.06","364,408","2,560.71","13,058,512"
2018-07-13,46500,11543389,"2,310.90","291,563","2,606.37","11,684,057"
2018-07-16,46050,7678719,"2,301.99","297,122","2,596.06","7,526,135"
2018-07-17,45850,8892953,"2,297.92","379,034","2,600.09","13,173,836"
2018-07-18,46550,10952645,"2,290.11","402,772","2,615.77","10,626,773"
2018-07-19,46900,9880128,"2,282.29","464,516","2,605.78","8,917,469"
2018-07-20,47450,10474547,"2,289.19","353,236","2,567.23","10,293,961"
2018-07-23,46500,10823782,"2,269.31","334,291","2,426.14","16,117,209"
2018-07-24,46150,8261363,"2,280.20","436,133","2,468.39","10,623,358"
2018-07-25,46150,7222471,"2,273.03","309,320","2,412.72","13,403,054"
2018-07-26,46900,7374946,"2,289.06","303,334","2,484.43","13,955,247"
2018-07-27,46900,4762460,"2,294.99","262,144","2,562.54","13,615,048"
2018-07-30,46500,5723035,"2,293.51","206,498","2,555.71","8,945,832"
2018-07-31,46250,8033607,"2,295.26","223,927","2,562.04","10,552,905"
2018-08-01,46550,7484499,"2,307.07","219,035","2,578.42","12,706,815"
2018-08-02,45550,8560924,"2,270.20","352,057","2,530.18","11,979,009"
2018-08-03,45750,8274944,"2,287.68","270,494","2,544.32","10,988,038"
2018-08-06,45800,6771979,"2,286.50","244,549","2,487.72","12,998,488"
2018-08-07,46700,9058174,"2,300.16","230,340","2,506.81","11,841,146"
2018-08-08,46800,6429338,"2,301.45","299,691","2,505.02","12,161,040"
2018-08-09,46900,12010886,"2,303.71","244,883","2,477.66","11,206,194"
2018-08-10,45400,16670643,"2,282.79","286,161","2,425.90","15,578,093"
2018-08-13,45050,9803831,"2,248.45","335,381","2,344.75","11,121,516"
2018-08-14,45150,6409259,"2,258.91","255,216","2,350.70","9,002,963"
2018-08-16,44250,10088229,"2,240.80","312,519","2,342.58","13,184,629"
2018-08-17,44100,6808747,"2,247.05","238,378","2,324.49","11,050,072"
2018-08-20,43850,7289124,"2,247.88","271,600","2,304.04","7,235,644"
2018-08-21,44800,9520270,"2,270.06","294,337","2,383.55","11,454,591"
2018-08-22,46100,11641656,"2,273.33","269,271","2,376.30","11,805,602"
2018-08-23,46200,6730918,"2,282.60","338,386","2,377.12","8,496,078"
2018-08-24,46150,6582535,"2,293.21","347,292","2,382.96","9,516,371"
2018-08-27,46300,5263782,"2,299.30","307,045","2,420.53","9,030,901"
2018-08-28,46550,7365976,"2,303.12","276,889","2,406.97","10,076,118"
2018-08-29,46800,5572374,"2,309.03","268,215","2,450.36","15,282,150"
2018-08-30,47650,12193231,"2,307.35","286,926","2,442.31","8,961,695"
2018-08-31,48450,13577454,"2,322.88","255,909","2,467.13","12,081,712"
2018-09-03,47450,8595084,"2,307.03","230,513","2,459.31","12,589,875"
2018-09-04,47650,6791255,"2,315.72","277,014","2,463.20","10,090,069"
2018-09-05,46600,9139998,"2,291.77","358,187","2,457.24","14,690,755"
2018-09-06,46100,9040553,"2,287.61","387,511","2,422.28","12,530,752"
2018-09-07,44900,18285508,"2,281.58","357,561","2,359.45","19,666,672"
2018-09-10,45500,9979838,"2,288.66","312,613","2,368.10","13,495,864"
2018-09-11,45050,9865790,"2,283.20","368,211","2,368.48","10,977,079"
2018-09-12,44550,12995269,"2,282.92","336,830","2,346.81","13,344,245"
2018-09-13,44050,18277942,"2,286.23","301,309","2,335.87","15,156,544"
2018-09-14,45850,12446344,"2,318.25","292,236","2,359.36","19,593,638"
2018-09-17,45150,8123384,"2,303.01","343,167","2,330.28","22,423,678"
2018-09-18,45500,9987090,"2,308.98","309,235","2,333.33","12,386,806"
2018-09-19,46150,9367454,"2,308.46","350,949","2,331.65","13,729,858"
2018-09-20,47250,13536966,"2,323.45","289,086","2,316.93","12,000,958"
2018-09-21,47400,14476906,"2,339.17","321,704","2,305.82","11,622,774"
2018-09-27,47500,15804586,"2,355.43","279,230","2,284.40","12,705,114"
2018-09-28,46450,11270515,"2,343.07","317,870","2,261.15","13,127,209"
2018-10-01,46350,6354983,"2,338.88","278,310","2,250.99","8,104,226"
2018-10-02,45700,6607188,"2,309.57","287,868","2,205.77","11,815,992"
2018-10-04,44700,11865327,"2,274.49","309,502","2,166.07","12,171,410"
2018-10-05,44700,10544165,"2,267.52","282,139","2,129.36","12,843,928"
2018-10-08,44950,6759464,"2,253.83","214,644","2,126.86","8,770,528"
2018-10-10,45300,10341349,"2,228.61","365,684","2,076.96","12,894,898"
2018-10-11,43100,19324537,"2,129.67","411,919","1,977.17","17,036,756"
2018-10-12,44000,12640906,"2,161.85","292,574","2,034.91","13,143,541"
2018-10-15,43800,7434522,"2,145.12","259,176","1,992.32","9,385,589"
2018-10-16,43600,6825677,"2,145.12","222,512","2,044.27","9,209,367"
2018-10-17,44150,8306193,"2,167.51","275,160","2,085.30","9,237,598"
2018-10-18,44050,8347725,"2,148.31","321,763","2,053.12","7,298,238"
2018-10-19,43900,7842520,"2,156.26","351,771","2,086.86","7,428,418"
2018-10-22,43550,8357648,"2,161.71","308,740","2,070.39","6,926,020"
2018-10-23,43050,9531231,"2,106.10","373,468","2,009.93","11,337,925"
2018-10-24,42550,13522825,"2,097.58","399,734","1,986.86","12,073,083"
2018-10-25,41000,19338170,"2,063.30","376,015","1,941.68","14,530,997"
2018-10-26,41000,14413864,"2,027.15","449,198","1,935.33","14,820,123"
2018-10-29,41400,14460521,"1,996.05","427,305","1,897.23","13,584,846"
2018-10-30,42350,14205190,"2,014.69","441,585","1,967.37","16,902,134"
2018-10-31,42400,17621480,"2,029.69","373,028","1,971.91","14,905,914"
2018-11-01,42150,13423132,"2,024.46","343,814","1,963.87","11,444,442"
2018-11-02,44150,16517112,"2,096.00","371,979","2,069.00","15,025,574"
2018-11-05,43800,9426777,"2,076.92","361,302","2,017.68","9,529,781"
2018-11-06,43750,7713625,"2,089.62","315,816","2,004.87","8,120,985"
2018-11-07,44000,11553998,"2,078.69","485,225","1,960.92","11,963,245"
2018-11-08,44050,12617397,"2,092.63","328,035","1,997.37","11,959,412"
2018-11-09,44300,7318500,"2,086.09","298,072","2,017.65","12,242,828"
2018-11-12,45200,8552566,"2,080.44","295,529","2,023.69","12,805,850"
2018-11-13,44500,9311126,"2,071.23","383,421","1,968.50","13,259,142"
2018-11-14,44100,6783344,"2,068.05","339,046","1,939.84","10,255,903"
2018-11-15,44250,5864067,"2,088.06","351,043","1,979.55","7,248,148"
2018-11-16,44000,7777124,"2,092.40","301,605","1,970.85","8,780,379"
2018-11-19,43650,7538720,"2,100.56","273,198","1,966.80","8,832,568"
2018-11-20,42800,9420664,"2,082.58","281,685","1,889.17","11,886,107"
2018-11-21,42100,10769589,"2,076.55","267,904","1,908.96","10,108,169"
2018-11-22,42450,5970796,"2,069.95","242,499","1,897.93","7,920,287"
2018-11-23,42400,5192638,"2,057.48","227,202","1,885.53","6,048,848"
2018-11-26,42600,6613009,"2,083.02","237,711","1,912.55","8,035,493"
2018-11-27,43050,8367091,"2,099.42","239,211","1,923.25","7,598,425"
2018-11-28,43150,6943099,"2,108.22","300,076","1,955.52","10,222,330"
2018-11-29,43150,8473511,"2,114.10","307,230","1,941.15","20,246,611"
2018-11-30,41850,19775519,"2,096.86","427,355","1,922.28","18,388,137"
2018-12-03,43250,12110702,"2,131.93","436,588","1,965.06","11,456,391"
2018-12-04,42150,14347746,"2,114.35","507,518","1,933.41","7,613,059"
2018-12-05,41450,12631983,"2,101.31","492,716","1,907.55","7,772,679"
2018-12-06,40500,14251826,"2,068.69","537,410","1,846.43","10,437,054"
2018-12-07,40950,11433083,"2,075.76","371,591","1,852.07","6,974,699"
2018-12-10,40200,14892263,"2,053.79","344,164","1,780.44","8,781,856"
2018-12-11,40250,10638766,"2,052.97","273,933","1,778.04","6,629,925"
2018-12-12,40450,12024279,"2,082.57","457,127","1,820.67","6,723,805"
2018-12-13,40000,26254646,"2,095.55","379,819","1,841.99","10,046,436"
2018-12-14,38950,19671783,"2,069.38","448,238","1,770.17","10,802,425"
2018-12-17,39150,11532968,"2,071.09","444,522","1,769.92","6,935,078"
2018-12-18,38900,11042101,"2,062.11","429,530","1,736.55","7,253,112"
2018-12-19,39100,9942037,"2,078.84","418,797","1,749.93","7,964,349"
2018-12-20,38650,11937617,"2,060.12","421,065","1,709.81","10,711,255"
2018-12-21,38650,14947080,"2,061.49","311,389","1,731.84","8,073,126"
2018-12-24,38800,9729530,"2,055.01","285,275","1,745.97","5,737,797"
2018-12-26,38350,12707675,"2,028.01","321,499","1,713.09","7,852,950"
2018-12-27,38250,10510643,"2,028.44","398,021","1,736.19","6,875,823"
2018-12-28,38700,9900267,"2,041.04","352,678","1,749.01","5,567,496"
2019-01-02,38750,7847664,"2,010.00","326,368","1,727.08","6,704,594"
2019-01-03,37600,12471493,"1,993.70","427,976","1,657.07","10,018,261"
2019-01-04,37450,14108958,"2,010.25","408,991","1,628.49","11,083,956"
2019-01-07,38750,12748997,"2,037.10","440,191","1,659.55","7,551,877"
2019-01-08,38100,12756554,"2,025.27","397,831","1,661.54","8,492,235"
2019-01-09,39600,17452708,"2,064.71","386,248","1,751.07","12,671,591"
2019-01-10,39800,14731699,"2,063.28","382,877","1,778.75","12,476,787"
2019-01-11,40500,11661063,"2,075.57","380,061","1,779.13","7,763,923"
2019-01-14,40050,11984996,"2,064.52","432,891","1,742.93","7,389,120"
2019-01-15,41100,11492756,"2,097.18","439,489","1,776.68","7,592,644"
2019-01-16,41450,8491595,"2,106.10","500,078","1,798.69","7,951,262"
2019-01-17,41950,11736903,"2,107.06","475,885","1,807.63","33,642,145"
2019-01-18,42300,11029256,"2,124.28","456,738","1,825.36","19,583,243"
2019-01-21,42750,11355701,"2,124.61","398,035","1,880.18","16,681,149"
2019-01-22,42150,9964356,"2,117.77","419,441","1,861.49","12,224,265"
2019-01-23,42000,11071079,"2,127.78","408,600","1,866.40","11,361,098"
2019-01-24,43050,14747623,"2,145.03","413,652","1,916.22","16,456,235"
2019-01-25,44750,22789395,"2,177.73","410,002","1,978.81","18,949,060"
2019-01-28,45050,17998914,"2,177.30","371,619","1,974.98","18,776,585"
2019-01-29,45500,16215017,"2,183.36","552,587","2,004.09","12,770,992"
2019-01-30,46400,17505980,"2,206.20","480,390","2,059.14","17,374,282"
2019-01-31,46150,21621145,"2,204.85","545,248","2,030.85","19,548,095"
2019-02-01,46350,13832454,"2,203.46","479,379","2,041.90","12,798,059"
2019-02-07,46200,15872001,"2,203.42","427,843","2,100.22","14,239,158"
2019-02-08,44800,12689196,"2,177.05","391,029","2,045.99","11,805,852"
2019-02-11,45000,11125044,"2,180.73","406,060","2,039.26","9,999,480"
2019-02-12,46050,13184367,"2,190.47","429,940","2,080.60","12,484,750"
2019-02-13,46200,11299738,"2,201.48","421,990","2,142.76","27,636,170"
2019-02-14,47500,17259341,"2,225.85","573,362","2,190.18","34,536,095"
2019-02-15,46050,10554643,"2,196.09","400,592","2,116.98","20,963,822"
2019-02-18,46200,8183728,"2,210.89","314,371","2,144.24","15,471,537"
2019-02-19,45950,6741395,"2,205.63","389,094","2,137.55","11,601,572"
2019-02-20,46900,11506720,"2,229.76","374,342","2,184.13","14,338,221"
2019-02-21,46950,8694009,"2,228.66","382,511","2,181.93","11,033,800"
2019-02-22,47150,6895772,"2,230.50","409,311","2,176.23","8,860,922"
2019-02-25,47350,7484716,"2,232.56","339,234","2,225.27","14,881,607"
2019-02-26,46750,7985547,"2,226.60","331,962","2,195.30","10,122,372"
2019-02-27,46750,8045211,"2,234.79","301,513","2,183.50","9,263,124"
2019-02-28,45100,23569321,"2,195.44","510,022","2,094.22","19,727,684"
2019-03-04,44850,12926539,"2,190.66","373,166","2,125.06","11,589,045"
2019-03-05,44250,10612405,"2,179.23","313,146","2,098.16","10,759,073"
2019-03-06,44000,10202544,"2,175.60","328,943","2,082.19","16,158,725"
2019-03-07,44450,11049749,"2,165.79","292,578","2,063.75","14,619,848"
2019-03-08,43800,7729069,"2,137.44","313,315","2,041.75","19,604,346"
2019-03-11,43650,10717408,"2,138.10","272,103","2,074.72","10,105,452"
2019-03-12,44650,11431977,"2,157.18","355,283","2,125.77","14,755,199"
2019-03-13,43850,8108343,"2,148.41","285,601","2,142.36","12,831,431"
2019-03-14,43850,18039161,"2,155.68","341,010","2,171.09","45,025,312"
2019-03-15,44200,16814163,"2,176.11","387,136","2,169.14","19,227,636"
2019-03-18,43700,8188876,"2,179.49","257,951","2,168.52","11,925,901"
2019-03-19,43900,7609563,"2,177.62","319,703","2,146.33","12,369,063"
2019-03-20,44050,9846242,"2,177.10","317,607","2,185.89","13,173,322"
2019-03-21,45850,21138016,"2,184.88","342,747","2,215.82","31,919,121"
2019-03-22,46550,12535911,"2,186.95","333,618","2,236.54","17,659,687"
2019-03-25,45500,8699728,"2,144.86","307,071","2,153.14","14,106,105"
2019-03-26,45250,9729811,"2,148.80","301,254","2,170.92","10,766,930"
2019-03-27,45350,9568081,"2,145.62","363,169","2,171.02","17,523,950"
2019-03-28,44850,6821306,"2,128.10","288,036","2,124.47","11,422,228"
2019-03-29,44650,11491713,"2,140.67","364,619","2,158.24","10,299,828"
2019-04-01,45050,7362129,"2,168.28","263,313","2,223.63","11,774,579"
2019-04-02,45750,9480688,"2,177.18","257,453","2,212.88","9,433,010"
2019-04-03,46600,12436570,"2,203.27","358,645","2,270.43","13,592,506"
2019-04-04,46950,12650168,"2,206.53","431,013","2,287.87","24,812,013"
2019-04-05,46850,8546339,"2,209.61","517,153","2,309.75","14,305,348"
2019-04-08,46650,8507909,"2,210.60","347,910","2,272.29","11,446,678"
2019-04-09,46650,6878761,"2,213.56","414,809","2,280.75","14,900,745"
2019-04-10,46700,11883995,"2,224.39","399,695","2,294.53","22,515,085"
2019-04-11,46250,13697399,"2,224.44","402,016","2,307.11","13,594,754"
2019-04-12,46850,7668936,"2,233.45","449,634","2,304.02","16,887,017"
2019-04-15,47050,8733019,"2,242.88","404,160","2,312.35","11,443,083"
2019-04-16,47250,7730881,"2,248.63","569,056","2,295.15","9,624,936"
2019-04-17,47050,5513658,"2,245.89","452,475","2,337.23","14,550,623"
2019-04-18,45600,12808747,"2,213.77","573,343","2,299.07","13,354,552"
2019-04-19,45300,8479710,"2,216.15","525,264","2,334.02","14,130,669"
2019-04-22,45350,6006957,"2,216.65","493,984","2,305.62","12,341,577"
2019-04-23,45200,6920566,"2,220.51","481,178","2,322.68","17,855,215"
2019-04-24,44750,13299267,"2,201.03","575,100","2,299.86","20,832,067"
2019-04-25,44650,10868965,"2,190.50","441,137","2,333.55","34,071,576"
2019-04-26,44850,9739982,"2,179.31","570,172","2,266.79","18,315,232"
2019-04-29,46150,8777517,"2,216.43","380,823","2,327.70","11,925,127"
2019-04-30,45850,11121273,"2,203.59","381,414","2,328.78","14,321,960"
2019-05-02,45900,8625126,"2,212.75","369,059","2,351.68","12,558,117"
2019-05-03,45300,6562916,"2,196.32","617,878","2,349.26","11,360,449"
2019-05-07,44850,12014907,"2,176.99","484,097","2,307.36","14,163,556"
2019-05-08,44250,10398754,"2,168.01","456,334","2,267.97","14,354,566"
2019-05-09,42450,23029718,"2,102.01","743,507","2,182.63","18,095,861"
2019-05-10,42900,14579512,"2,108.04","714,766","2,187.35","16,442,290"
2019-05-13,42650,7635079,"2,079.01","505,751","2,120.43","9,890,051"
2019-05-14,42650,11563730,"2,081.84","696,195","2,131.70","11,432,219"
2019-05-15,42550,7670185,"2,092.78","577,795","2,175.74","11,568,845"
2019-05-16,41550,13687828,"2,067.69","745,164","2,110.32","12,760,130"
2019-05-17,41200,13357951,"2,055.80","537,380","2,107.67","12,107,624"
2019-05-20,42000,15752397,"2,055.71","640,195","2,067.54","9,817,504"
2019-05-21,43150,18812133,"2,061.25","526,859","2,078.62","11,965,784"
2019-05-22,43500,11033339,"2,064.86","509,974","2,060.25","9,432,176"
2019-05-23,43850,12259006,"2,059.59","509,269","2,017.65","11,555,311"
2019-05-24,42700,13966305,"2,045.31","480,648","1,976.74","13,779,699"
2019-05-27,42650,8066669,"2,044.21","351,616","1,974.12","11,555,622"
2019-05-28,42550,24506881,"2,048.83","494,479","2,007.81","23,758,135"
2019-05-29,41800,14930618,"2,023.32","380,894","1,996.21","16,839,816"
2019-05-30,42550,11766018,"2,038.80","461,850","2,013.62","11,742,691"
2019-05-31,42500,11365999,"2,041.74","439,182","2,015.15","9,972,042"
2019-06-03,43800,15466580,"2,067.85","387,146","2,026.13","10,085,832"
2019-06-04,43450,9913497,"2,066.97","435,992","2,017.23","8,382,685"
2019-06-05,43900,12464135,"2,069.11","380,157","2,035.91","16,859,158"
2019-06-07,44200,11683682,"2,072.33","368,392","2,047.68","10,930,329"
2019-06-10,44800,8792182,"2,099.49","457,641","2,076.89","11,694,005"
2019-06-11,44850,6664872,"2,111.81","550,740","2,121.43","12,719,754"
2019-06-12,44600,8607439,"2,108.75","693,508","2,076.41","11,447,291"
2019-06-13,43750,16906541,"2,103.15","553,393","2,050.63","15,689,117"
2019-06-14,44000,9322873,"2,095.41","473,370","2,031.24","10,446,987"
2019-06-17,43900,11890424,"2,090.73","561,550","2,017.43","9,919,970"
2019-06-18,44350,7994928,"2,098.71","600,964","2,011.73","10,845,451"
2019-06-19,45350,10417690,"2,124.78","862,980","2,051.59","17,209,279"
2019-06-20,45500,7147785,"2,131.29","1,007,159","2,080.06","11,792,511"
2019-06-21,45700,9454913,"2,125.62","692,028","2,043.04","13,794,932"
2019-06-24,45500,6085066,"2,126.33","669,640","2,048.88","9,903,069"
2019-06-25,45600,7076774,"2,121.64","642,999","2,028.73","8,936,908"
2019-06-26,45700,9226097,"2,121.85","736,852","2,043.23","12,645,630"
2019-06-27,46500,12603534,"2,134.32","644,900","2,077.98","15,532,978"
2019-06-28,47000,12949231,"2,130.62","537,275","2,065.03","11,055,431"
2019-07-01,46600,11383522,"2,129.74","412,291","2,087.44","13,379,546"
2019-07-02,46250,8463073,"2,122.02","460,830","2,094.46","10,065,565"
2019-07-03,45400,9669368,"2,096.02","522,709","2,081.40","15,456,760"
2019-07-04,46000,6365573,"2,108.73","446,933","2,111.25","36,688,974"
2019-07-05,45650,7235395,"2,110.59","459,391","2,080.39","14,972,963"
2019-07-08,44400,7823843,"2,064.17","515,950","1,965.98","24,225,610"
2019-07-09,45100,7646421,"2,052.03","440,122","1,976.60","15,408,007"
2019-07-10,45550,9253930,"2,058.78","355,678","2,031.04","13,750,942"
2019-07-11,46200,10989751,"2,080.58","376,675","2,086.28","21,476,663"
2019-07-12,46300,5245804,"2,086.66","403,935","2,104.18","11,840,767"
2019-07-15,46450,4717226,"2,082.48","463,520","2,116.77","12,811,660"
2019-07-16,46850,7407824,"2,091.87","682,803","2,121.40","37,873,747"
2019-07-17,46050,5216602,"2,072.92","761,626","2,074.47","20,325,997"
2019-07-18,46100,5143554,"2,066.55","446,644","2,107.45","21,771,930"
2019-07-19,46800,8819393,"2,094.36","394,904","2,132.08","17,680,675"
2019-07-22,47200,9009109,"2,093.34","332,630","2,155.60","13,815,957"
2019-07-23,47300,9061381,"2,101.45","648,124","2,151.60","17,342,463"
2019-07-24,46400,8756522,"2,082.30","851,393","2,121.23","15,249,533"
2019-07-25,47200,8408838,"2,074.48","598,634","2,126.01","12,764,090"
2019-07-26,47150,7873886,"2,066.26","589,074","2,109.19","13,897,302"
2019-07-29,46100,6856846,"2,029.48","608,671","2,015.90","15,442,991"
2019-07-30,46550,5551014,"2,038.68","547,030","2,048.55","11,962,204"
2019-07-31,45350,12872916,"2,024.55","589,386","2,044.07","12,443,264"
2019-08-01,45200,7811181,"2,017.34","461,743","2,009.81","12,216,433"
2019-08-02,44950,12151374,"1,998.13","438,538","1,995.00","13,145,009"
2019-08-05,43950,14214086,"1,946.98","639,604","1,907.89","16,637,855"
2019-08-06,43500,15083824,"1,917.50","739,588","1,835.77","19,530,058"
2019-08-07,43200,10002533,"1,909.71","760,777","1,889.46","15,703,915"
2019-08-08,42650,16926881,"1,920.61","777,166","1,928.95","24,690,539"
2019-08-09,43150,9685147,"1,937.75","654,344","1,945.90","18,168,799"
2019-08-12,43700,8466169,"1,942.29","427,141","1,950.83","9,501,866"
2019-08-13,43000,7276979,"1,925.83","660,041","1,950.64","15,079,059"
2019-08-14,43700,8750135,"1,938.37","699,585","1,988.38","15,928,000"
2019-08-16,43900,9528115,"1,927.17","421,682","1,977.23","11,284,032"
2019-08-19,43600,6014218,"1,939.90","481,022","1,978.41","9,400,487"
2019-08-20,44450,8434205,"1,960.25","463,605","2,015.72","10,334,984"
2019-08-21,44500,6571717,"1,964.65","391,568","2,038.96","9,916,763"
2019-08-22,44050,8061177,"1,951.01","435,565","1,996.11","9,001,308"
2019-08-23,43950,5017381,"1,948.30","381,087","2,000.53","9,759,293"
2019-08-26,43600,7954949,"1,916.31","324,853","1,906.79","13,818,291"
2019-08-27,44050,16883932,"1,924.60","427,042","1,940.74","10,770,287"
2019-08-28,44150,5758333,"1,941.09","284,344","1,972.11","6,565,831"
2019-08-29,43400,10768862,"1,933.41","285,103","1,944.34","8,731,979"
2019-08-30,44000,9899073,"1,967.79","317,733","1,999.93","10,703,606"
2019-09-02,43800,7185537,"1,969.19","262,154","2,037.82","9,319,173"
2019-09-03,43250,9774941,"1,965.69","342,077","2,027.43","7,425,296"
2019-09-04,44100,12441837,"1,988.53","348,722","2,111.06","15,682,730"
2019-09-05,45700,18297430,"2,004.75","488,067","2,180.79","22,506,275"
2019-09-06,46300,9896562,"2,009.13","384,441","2,176.68","12,536,033"
2019-09-09,46900,9434157,"2,019.55","511,821","2,169.44","10,818,433"
2019-09-10,47000,9231792,"2,032.08","504,391","2,165.80","12,439,832"
2019-09-11,47150,16141619,"2,049.20","429,075","2,159.64","10,497,589"
2019-09-16,47100,15550926,"2,062.22","493,516","2,153.63","14,792,232"
2019-09-17,46900,7006280,"2,062.33","507,995","2,151.92","11,236,243"
2019-09-18,47700,10413027,"2,070.73","613,148","2,170.62","12,845,162"
2019-09-19,49150,16461413,"2,080.35","493,038","2,203.92","18,352,863"
2019-09-20,49200,15460210,"2,091.52","589,920","2,214.61","11,202,078"
2019-09-23,49300,7568553,"2,091.70","420,948","2,198.90","9,295,824"
2019-09-24,49500,7871955,"2,101.04","535,771","2,205.12","14,244,477"
2019-09-25,48900,9187141,"2,073.39","651,552","2,177.49","13,266,669"
2019-09-26,49200,8494756,"2,074.52","430,577","2,197.27","10,456,168"
2019-09-27,48400,8048041,"2,049.93","285,943","2,191.15","8,948,045"
2019-09-30,49050,9497119,"2,063.05","327,625","2,193.36","10,434,514"
2019-10-01,48850,6206035,"2,072.42","389,336","2,199.88","11,553,290"
2019-10-02,47600,8382463,"2,031.91","414,460","2,153.51","10,166,696"
2019-10-04,48000,9331695,"2,020.69","402,941","2,152.21","10,146,277"
2019-10-07,47750,7047273,"2,021.73","322,185","2,151.34","10,152,492"
2019-10-08,48900,14239367,"2,046.25","437,517","2,189.17","17,081,200"
2019-10-10,48550,18639855,"2,028.15","445,846","2,170.18","30,596,195"
2019-10-11,49150,7783275,"2,044.61","381,147","2,190.90","14,609,904"
2019-10-14,50000,11130635,"2,067.40","511,216","2,224.77","17,871,815"
2019-10-15,50100,6058105,"2,068.17","464,534","2,280.82","25,801,723"
2019-10-16,50700,9136282,"2,082.83","524,545","2,304.78","16,571,642"
2019-10-17,50500,6701380,"2,077.94","314,177","2,286.69","15,366,202"
2019-10-18,49900,8483106,"2,060.69","516,688","2,248.47","28,055,872"
2019-10-21,50300,4406531,"2,064.84","606,109","2,263.38","12,338,939"
2019-10-22,51200,10898729,"2,088.86","504,063","2,273.60","15,148,419"
2019-10-23,51200,8663880,"2,080.62","429,453","2,261.44","18,028,872"
2019-10-24,50700,21185785,"2,085.66","367,717","2,282.61","23,596,055"
2019-10-25,50900,7879897,"2,087.89","348,686","2,312.86","18,940,229"
2019-10-28,51300,6431522,"2,093.60","269,234","2,323.02","18,795,402"
2019-10-29,51100,7581629,"2,092.69","357,662","2,320.07","13,471,893"
2019-10-30,50400,8959435,"2,080.27","415,552","2,285.19","17,230,936"
2019-10-31,50400,10304777,"2,083.48","461,323","2,319.98","28,149,513"
2019-11-01,51200,8467846,"2,100.20","418,314","2,324.65","14,639,356"
2019-11-04,52300,13012411,"2,130.24","476,257","2,360.40","16,422,731"
2019-11-05,52700,10581034,"2,142.64","400,644","2,369.71","15,211,779"
2019-11-06,53300,14361133,"2,144.15","410,085","2,329.05","13,744,800"
2019-11-07,52900,9257116,"2,144.29","425,663","2,307.56","18,213,384"
2019-11-08,52100,11603290,"2,137.23","574,127","2,278.82","18,257,738"
2019-11-11,51600,8185952,"2,124.09","617,266","2,252.85","11,519,106"
2019-11-12,52600,6576148,"2,140.92","610,429","2,293.14","11,919,171"
2019-11-13,52500,6225196,"2,122.45","664,366","2,282.76","9,906,305"
2019-11-14,52800,12010018,"2,139.23","521,110","2,304.79","14,575,703"
2019-11-15,53700,9703360,"2,162.18","556,246","2,360.89","22,619,714"
2019-11-18,53500,7746554,"2,160.69","489,233","2,367.56","16,256,085"
2019-11-19,53500,8907177,"2,153.24","826,885","2,362.12","20,954,880"
2019-11-20,52000,12560070,"2,125.32","581,056","2,300.61","19,094,742"
2019-11-21,51000,14298646,"2,096.60","579,555","2,258.25","15,956,354"
2019-11-22,51600,8478310,"2,101.96","519,852","2,273.90","10,967,895"
2019-11-25,51800,9050625,"2,123.50","397,676","2,315.42","10,771,072"
2019-11-26,51800,27372226,"2,121.35","532,601","2,322.83","24,629,966"
2019-11-27,52200,7546261,"2,127.85","367,796","2,309.54","10,716,984"
2019-11-28,51300,6833885,"2,118.60","335,227","2,311.51","21,690,902"
2019-11-29,50300,11179334,"2,087.96","433,261","2,277.75","12,275,235"
2019-12-02,50400,18877252,"2,091.92","385,344","2,272.12","11,677,086"
2019-12-03,49900,12059812,"2,084.07","450,040","2,246.12","20,722,773"
2019-12-04,49450,13246549,"2,068.89","347,003","2,229.70","14,961,751"
2019-12-05,49500,10449715,"2,060.74","472,188","2,276.81","38,637,521"
2019-12-06,50400,11414563,"2,081.85","440,188","2,377.46","31,867,405"
2019-12-09,51200,8470627,"2,088.65","393,127","2,377.55","23,028,505"
2019-12-10,51500,6882771,"2,098.00","500,064","2,336.03","17,336,959"
2019-12-11,51900,11379521,"2,105.62","668,731","2,354.30","18,188,680"
2019-12-12,53300,29178697,"2,137.35","584,637","2,408.61","31,354,653"
2019-12-13,54700,18120261,"2,170.25","540,027","2,479.04","30,352,073"
2019-12-16,54700,11512405,"2,168.15","377,054","2,507.40","65,526,576"
2019-12-17,56700,19358433,"2,195.68","599,534","2,591.57","41,788,635"
2019-12-18,56300,15558208,"2,194.76","591,106","2,582.65","27,104,488"
2019-12-19,56000,14180520,"2,196.56","643,144","2,566.63","26,913,354"
2019-12-20,56000,12095519,"2,204.18","646,683","2,586.96","18,362,516"
2019-12-23,55500,9839252,"2,203.71","502,034","2,562.24","15,996,894"
2019-12-24,55000,11868463,"2,190.08","569,968","2,552.47","14,801,509"
2019-12-26,55400,9645034,"2,197.93","571,309","2,640.25","24,639,074"
2019-12-27,56500,12313056,"2,204.21","490,168","2,691.84","50,453,110"
2019-12-30,55800,8356767,"2,197.67","416,403","2,703.65","24,411,234"
2020-01-02,55200,12993228,"2,175.17","494,678","2,718.05","26,397,550"
2020-01-03,55500,15422255,"2,176.46","631,563","2,701.08","34,578,232"
2020-01-06,55500,10278951,"2,155.07","592,671","2,683.50","23,352,923"
2020-01-07,55800,10009778,"2,175.54","568,236","2,680.48","19,654,266"
2020-01-08,56800,23501171,"2,151.31","913,831","2,669.32","36,310,771"
2020-01-09,58600,24102579,"2,186.45","592,604","2,777.68","27,513,079"
2020-01-10,59500,16000170,"2,206.39","594,537","2,767.33","20,824,702"
2020-01-13,60000,11359139,"2,229.26","488,289","2,760.47","17,595,776"
2020-01-14,60000,16906295,"2,238.88","835,899","2,771.35","27,988,607"
2020-01-15,59000,14300928,"2,230.98","746,156","2,722.75","13,041,441"
2020-01-16,60700,14381774,"2,248.05","808,332","2,774.20","17,682,057"
2020-01-17,61300,16025661,"2,250.57","580,816","2,798.89","21,395,013"
2020-01-20,62400,12528855,"2,262.64","545,491","2,808.25","53,689,641"
2020-01-21,61400,11142693,"2,239.69","770,320","2,778.72","24,298,801"
2020-01-22,62300,15339565,"2,267.25","608,510","2,836.42","25,538,954"
2020-01-23,60800,14916555,"2,246.13","509,609","2,808.30","21,879,425"
2020-01-28,58800,23664541,"2,176.72","808,879","2,727.84","31,500,573"
2020-01-29,59100,16446102,"2,185.28","692,301","2,739.73","17,365,959"
2020-01-30,57200,20821939,"2,148.00","602,838","2,665.52","41,689,019"
2020-01-31,56400,19749457,"2,119.01","710,508","2,599.12","37,410,756"
2020-02-03,57200,23995260,"2,118.88","836,700","2,647.27","34,604,698"
2020-02-04,58900,21800192,"2,157.90","624,642","2,702.19","23,037,030"
2020-02-05,59500,19278165,"2,165.63","574,396","2,692.59","21,739,079"
2020-02-06,61100,14727159,"2,227.94","695,216","2,734.13","21,555,663"
2020-02-07,60400,16402493,"2,211.95","800,342","2,706.18","14,244,675"
2020-02-10,59700,13107121,"2,201.07","609,566","2,713.56","10,802,362"
2020-02-11,59900,11071231,"2,223.12","526,211","2,736.68","20,124,280"
2020-02-12,60500,12904207,"2,238.38","632,463","2,787.97","22,866,396"
2020-02-13,60700,18449775,"2,232.96","638,666","2,831.66","33,328,040"
2020-02-14,61800,13276067,"2,243.59","597,224","2,877.40","33,683,810"
2020-02-17,61500,8740596,"2,242.17","458,248","2,890.15","34,943,640"
2020-02-18,59800,16674266,"2,208.88","470,425","2,796.67","24,971,916"
2020-02-19,60200,12951496,"2,210.34","591,155","2,823.68","25,373,602"
2020-02-20,60000,14591924,"2,195.50","709,564","2,822.72","35,475,199"
2020-02-21,59200,13777393,"2,162.84","635,474","2,782.53","25,058,803"
2020-02-24,56800,25627537,"2,079.04","948,621","2,676.24","27,690,909"
2020-02-25,57900,23885408,"2,103.61","1,565,588","2,731.55","25,935,418"
2020-02-26,56500,25483102,"2,076.77","810,938","2,677.25","21,990,119"
2020-02-27,55900,23209541,"2,054.89","562,775","2,572.92","25,335,580"
2020-02-28,54200,30054227,"1,987.01","671,552","2,446.07","33,948,838"
2020-03-02,55000,30403412,"2,002.51","528,103","2,567.38","26,110,132"
2020-03-03,55400,30330295,"2,014.15","615,693","2,546.87","29,046,607"
2020-03-04,57400,24765728,"2,059.33","606,287","2,617.49","22,591,819"
2020-03-05,57800,21698990,"2,085.26","675,205","2,652.87","28,458,298"
2020-03-06,56500,18716656,"2,040.22","865,588","2,599.30","23,854,304"
2020-03-09,54200,30261485,"1,954.77","666,868","2,465.35","28,625,131"
2020-03-10,54600,32106554,"1,962.93","638,564","2,524.41","31,567,816"
2020-03-11,52100,45707281,"1,908.27","679,716","2,419.20","28,689,394"
2020-03-12,50800,48149999,"1,834.33","850,345","2,313.95","45,115,719"
2020-03-13,49950,59462933,"1,771.44","1,035,278","2,220.14","50,184,969"
2020-03-16,48900,33339821,"1,714.86","682,004","2,097.48","35,645,077"
2020-03-17,47300,51218151,"1,672.44","649,779","2,134.51","42,570,847"
2020-03-18,45600,40152623,"1,591.20","728,008","1,973.31","47,205,387"
2020-03-19,42950,56925513,"1,457.64","977,675","1,791.52","77,573,507"
2020-03-20,45400,49730008,"1,566.15","817,021","1,960.05","56,501,180"
2020-03-23,42500,41701626,"1,482.46","647,528","1,814.02","40,171,003"
2020-03-24,46950,49801908,"1,609.97","679,288","2,052.77","49,838,927"
2020-03-25,48650,52735922,"1,704.76","872,809","2,157.00","49,901,903"
2020-03-26,47800,42185129,"1,686.24","992,474","2,092.61","41,061,479"
2020-03-27,48300,39896178,"1,717.73","1,077,527","2,104.08","46,034,650"
2020-03-30,47850,26797395,"1,717.12","767,777","2,120.21","26,330,653"
2020-03-31,47750,30654261,"1,754.64","1,037,488","2,126.57","33,707,406"
2020-04-01,45800,27259532,"1,685.46","1,243,591","2,061.29","51,765,746"
2020-04-02,46800,21621076,"1,724.86","766,313","2,141.50","58,648,125"
2020-04-03,47000,22784682,"1,725.44","1,000,087","2,140.56","34,674,110"
2020-04-06,48700,23395726,"1,791.88","1,219,389","2,255.75","47,520,766"
2020-04-07,49600,31524034,"1,823.60","951,739","2,328.29","74,380,407"
2020-04-08,48600,25010314,"1,807.14","907,494","2,313.73","38,906,901"
2020-04-09,49100,22628058,"1,836.21","920,571","2,317.13","25,847,694"
2020-04-10,49250,17839111,"1,860.70","992,548","2,276.36","27,739,956"
2020-04-13,48300,14431800,"1,825.76","1,017,752","2,182.36","22,290,790"
2020-04-14,49000,14206216,"1,857.08","886,766","2,236.54","18,983,278"
2020-04-16,49000,23349760,"1,857.07","878,338","2,275.10","22,283,831"
2020-04-17,51400,32041675,"1,914.53","1,667,460","2,334.71","44,877,098"
2020-04-20,50100,21866354,"1,898.36","1,087,463","2,300.32","23,134,188"
2020-04-21,49250,27407543,"1,879.38","1,174,294","2,278.75","25,546,323"
2020-04-22,49850,18613864,"1,896.15","820,360","2,311.49","28,222,790"
2020-04-23,49850,18754442,"1,914.73","683,720","2,325.18","35,962,158"
2020-04-24,49350,15618347,"1,889.01","933,917","2,269.87","20,163,035"
2020-04-27,49850,14049471,"1,922.77","735,663","2,319.58","14,751,783"
2020-04-28,50100,16095399,"1,934.09","1,173,476","2,330.35","42,973,302"
2020-04-29,50000,15604533,"1,947.56","1,984,182","2,345.89","41,165,114"
2020-05-04,48500,26083749,"1,895.37","1,146,855","2,295.98","18,767,603"
2020-05-06,49200,18070225,"1,928.76","1,082,527","2,366.54","19,033,790"
2020-05-07,48800,13884411,"1,928.61","775,658","2,434.31","45,034,890"
2020-05-08,48800,15319700,"1,945.82","784,773","2,503.55","42,281,743"
2020-05-11,48400,16357743,"1,935.40","591,283","2,480.63","21,683,793"
2020-05-12,47900,23433590,"1,922.17","799,930","2,466.28","21,918,302"
2020-05-13,48550,20223277,"1,940.42","618,784","2,452.11","20,473,892"
2020-05-14,48000,19305974,"1,924.96","760,646","2,416.40","19,057,659"
2020-05-15,47850,18463118,"1,927.28","866,357","2,473.81","33,364,112"
2020-05-18,48800,20481981,"1,937.11","761,696","2,468.18","35,537,761"
2020-05-19,50300,25168295,"1,980.61","773,415","2,510.86","37,294,770"
2020-05-20,50000,14896899,"1,989.64","699,447","2,592.54","34,788,269"
2020-05-21,49950,14949266,"1,998.31","601,199","2,620.99","39,225,985"
2020-05-22,48750,19706284,"1,970.13","847,467","2,569.93","26,386,198"
2020-05-25,48850,14337913,"1,994.60","641,459","2,636.33","28,000,577"
2020-05-26,49250,15127490,"2,029.78","1,017,804","2,664.82","49,658,312"
2020-05-27,49900,19548479,"2,031.20","1,178,848","2,602.63","33,457,205"
2020-05-28,50400,31309318,"2,028.54","1,172,134","2,545.73","35,124,757"
2020-05-29,50700,27596961,"2,029.60","1,086,215","2,530.52","23,222,198"
2020-06-01,51200,16949183,"2,065.08","997,348","2,637.46","23,506,226"
2020-06-02,51400,14247933,"2,087.19","1,000,332","2,652.18","69,704,966"
2020-06-03,54500,49257814,"2,147.00","1,152,001","2,703.63","43,593,972"
2020-06-04,54600,40220334,"2,151.18","1,393,308","2,684.43","58,340,958"
2020-06-05,55500,22743629,"2,181.87","854,591","2,714.44","23,237,303"
2020-06-08,54900,25634965,"2,184.29","854,035","2,705.33","21,773,490"
2020-06-09,55500,23998831,"2,188.92","817,085","2,675.07","37,946,136"
2020-06-10,55400,16742493,"2,195.69","706,294","2,691.64","22,019,398"
2020-06-11,54300,33815123,"2,176.78","827,381","2,650.22","24,054,268"
2020-06-12,52300,26976019,"2,132.30","689,897","2,563.04","24,593,172"
2020-06-15,49900,28772921,"2,030.82","1,072,278","2,385.83","27,520,167"
2020-06-16,52100,21808375,"2,138.05","973,639","2,512.67","17,968,237"
2020-06-17,52200,26672595,"2,141.05","927,516","2,549.19","19,589,669"
2020-06-18,52300,15982926,"2,133.48","767,184","2,543.54","13,599,504"
2020-06-19,52900,18157985,"2,141.32","1,079,453","2,546.63","26,756,444"
2020-06-22,52000,13801350,"2,126.73","789,372","2,558.47","15,808,624"
2020-06-23,51400,18086152,"2,131.24","917,567","2,561.28","17,488,687"
2020-06-24,52900,24519552,"2,161.51","913,896","2,621.31","26,585,381"
2020-06-25,51900,18541624,"2,112.37","1,017,721","2,555.79","15,358,695"
2020-06-26,53300,21575360,"2,134.65","761,044","2,595.15","18,801,541"
2020-06-29,52400,17776925,"2,093.48","643,156","2,541.84","13,638,235"
2020-06-30,52800,21157172,"2,108.33","708,605","2,586.79","24,378,862"
2020-07-01,52600,16706143,"2,106.70","1,116,221","2,581.46","41,134,854"
2020-07-02,52900,14142583,"2,135.37","1,091,965","2,594.96","17,735,637"
2020-07-03,53600,11887868,"2,152.41","770,055","2,633.88","32,934,133"
2020-07-06,55000,19856623,"2,187.93","666,902","2,683.97","42,284,755"
2020-07-07,53400,30760032,"2,164.17","847,434","2,664.17","24,281,318"
2020-07-08,53000,19664652,"2,158.88","677,810","2,652.99","18,246,697"
2020-07-09,52800,17054850,"2,167.90","619,368","2,672.94","19,055,366"
2020-07-10,52700,13714746,"2,150.25","886,987","2,686.39","31,072,401"
2020-07-13,53400,12240188,"2,186.06","650,231","2,695.44","16,148,551"
2020-07-14,53800,14269484,"2,183.61","810,952","2,684.16","17,413,796"
2020-07-15,54700,24051450,"2,201.88","830,266","2,721.40","27,791,144"
2020-07-16,53800,16779127,"2,183.76","784,637","2,659.10","18,333,769"
2020-07-17,54400,10096174,"2,201.19","569,297","2,697.99","24,542,292"
2020-07-20,54200,10507530,"2,198.20","686,819","2,687.86","31,062,816"
2020-07-21,55300,18297260,"2,228.83","918,483","2,727.04","33,168,778"
2020-07-22,54700,12885057,"2,228.66","856,218","2,726.48","30,886,512"
2020-07-23,54100,16214932,"2,216.19","934,542","2,741.90","35,496,490"
2020-07-24,54200,10994535,"2,200.44","1,001,025","2,722.87","26,981,380"
2020-07-27,55600,21054421,"2,217.86","928,625","2,789.06","56,124,611"
2020-07-28,58600,48431566,"2,256.99","866,726","2,858.78","57,076,958"
2020-07-29,59000,36476611,"2,263.16","899,494","2,881.24","45,621,225"
2020-07-30,59000,19285354,"2,267.01","713,039","2,934.25","47,289,398"
2020-07-31,57900,21943345,"2,249.37","739,689","2,875.76","45,497,238"
2020-08-03,56800,21158940,"2,251.04","648,462","2,890.92","35,383,150"
2020-08-04,57300,19419694,"2,279.97","722,906","2,892.73","30,394,329"
2020-08-05,56900,17739706,"2,311.86","841,299","2,919.78","32,046,792"
2020-08-06,58000,21625874,"2,342.61","797,147","2,914.64","26,121,161"
2020-08-07,57500,18751717,"2,351.67","812,595","2,900.82","30,327,883"
2020-08-10,57800,17774291,"2,386.38","784,617","2,892.62","29,934,106"
2020-08-11,58200,24907912,"2,418.67","843,438","2,865.16","22,499,630"
2020-08-12,59000,18573934,"2,432.35","763,735","2,833.86","31,316,348"
2020-08-13,58700,22089460,"2,437.53","907,219","2,851.47","31,930,654"
2020-08-14,58000,15672548,"2,407.49","968,125","2,817.31","23,124,274"
2020-08-18,58400,25307825,"2,348.24","909,750","2,705.27","27,237,146"
2020-08-19,57800,16930719,"2,360.54","637,965","2,765.63","25,726,136"
2020-08-20,55400,30386029,"2,274.22","903,744","2,600.19","33,556,450"
2020-08-21,55900,21142288,"2,304.59","865,736","2,635.00","27,135,834"
2020-08-24,56100,15055896,"2,329.83","649,277","2,681.10","19,693,559"
2020-08-25,56400,14021705,"2,366.73","771,585","2,730.89","18,144,601"
2020-08-26,56400,17651593,"2,369.32","956,478","2,713.51","16,473,907"
2020-08-27,55600,16196568,"2,344.45","913,917","2,669.13","15,865,350"
2020-08-28,55400,14619888,"2,353.80","1,297,312","2,684.02","15,026,824"
2020-08-31,54000,32671367,"2,326.17","1,647,818","2,687.46","15,473,181"
2020-09-01,54200,19363117,"2,349.55","1,085,245","2,715.40","24,957,746"
2020-09-02,54400,16905723,"2,364.37","1,429,273","2,746.24","19,847,257"
2020-09-03,56400,28384920,"2,395.90","981,546","2,813.50","31,024,936"
2020-09-04,55600,22139109,"2,368.25","1,351,039","2,746.95","23,146,101"
2020-09-07,56500,18685880,"2,384.22","1,197,385","2,780.33","31,039,092"
2020-09-08,58700,31517520,"2,401.91","979,357","2,824.08","45,588,848"
2020-09-09,58400,30597399,"2,375.81","946,247","2,810.71","29,527,558"
2020-09-10,59200,29923293,"2,396.48","1,064,574","2,838.84","67,848,308"
2020-09-11,59000,16017098,"2,396.69","882,880","2,842.65","32,784,289"
2020-09-14,60400,20648281,"2,427.91","963,083","2,881.08","32,559,023"
2020-09-15,61000,17877075,"2,443.58","849,969","2,892.10","33,014,299"
2020-09-16,61000,17041444,"2,435.92","772,938","2,841.60","25,748,717"
2020-09-17,59500,25108356,"2,406.17","853,740","2,818.18","31,222,800"
2020-09-18,59300,18884571,"2,412.40","756,517","2,850.44","25,377,772"
2020-09-21,59200,15140387,"2,389.39","1,041,993","2,789.56","24,952,473"
2020-09-22,58200,20830381,"2,332.59","1,051,028","2,695.00","26,476,591"
2020-09-23,58600,20111398,"2,333.24","735,042","2,760.48","30,186,814"
2020-09-24,57800,17564020,"2,272.70","714,881","2,681.25","28,178,206"
2020-09-25,57900,11444683,"2,278.79","697,962","2,660.35","18,655,075"
2020-09-28,58200,12614080,"2,308.08","605,977","2,747.80","22,397,124"
2020-09-29,58200,15503563,"2,327.89","646,218","2,771.95","34,060,703"
2020-10-05,58700,20228289,"2,358.00","763,618","2,771.48","19,011,447"
2020-10-06,59000,14463826,"2,365.90","861,755","2,776.39","21,654,150"
2020-10-07,59900,14861838,"2,386.94","737,994","2,789.23","16,083,424"
2020-10-08,59700,24589924,"2,391.96","961,726","2,768.94","19,406,657"
2020-10-12,60400,16145837,"2,403.73","843,574","2,791.63","18,370,693"
2020-10-13,60900,19247631,"2,403.15","724,920","2,824.25","31,042,926"
2020-10-14,60900,16086716,"2,380.48","901,177","2,768.97","21,368,969"
2020-10-15,60000,17756232,"2,361.21","1,165,501","2,733.07","20,520,349"
2020-10-16,59500,16554190,"2,341.53","920,205","2,696.08","17,393,747"
2020-10-19,60000,14474985,"2,346.74","931,645","2,669.87","27,770,066"
2020-10-20,60900,19326115,"2,358.41","874,293","2,682.30","23,068,032"
2020-10-21,60900,15703443,"2,370.86","812,837","2,685.43","15,439,164"
2020-10-22,60100,14294095,"2,355.05","815,612","2,619.06","14,802,938"
2020-10-23,60200,9322232,"2,360.81","890,385","2,589.25","14,311,554"
2020-10-26,60400,13268226,"2,343.91","822,268","2,502.22","17,937,143"
2020-10-27,59800,17260416,"2,330.84","666,942","2,514.49","19,837,381"
2020-10-28,59000,14428882,"2,345.26","705,770","2,592.86","31,745,988"
2020-10-29,58100,22636966,"2,326.67","509,768","2,633.25","19,133,869"
2020-10-30,56600,26907844,"2,267.15","795,585","2,562.01","19,295,198"
2020-11-02,57400,20489076,"2,300.16","678,501","2,576.86","12,496,295"
2020-11-03,58800,14950919,"2,343.31","887,445","2,635.14","14,998,690"
2020-11-04,58500,21718561,"2,357.32","986,786","2,700.01","24,497,812"
2020-11-05,60300,20639475,"2,413.79","702,037","2,752.88","22,915,524"
2020-11-06,60100,16910230,"2,416.50","825,569","2,725.38","19,057,950"
2020-11-09,60200,15892961,"2,447.20","1,354,863","2,742.39","17,565,246"
2020-11-10,60200,19073552,"2,452.83","1,464,168","2,721.70","16,190,385"
2020-11-11,61300,25628510,"2,485.87","1,272,039","2,713.16","15,379,581"
2020-11-12,61000,19800573,"2,475.62","1,278,692","2,722.05","18,646,054"
2020-11-13,63200,31508829,"2,493.87","1,072,383","2,760.63","16,441,713"
2020-11-16,66300,36354334,"2,543.03","1,239,135","2,909.06","45,964,388"
2020-11-17,65700,30204089,"2,539.15","1,267,495","2,875.71","26,490,454"
2020-11-18,64800,22963790,"2,545.64","923,504","2,878.96","18,284,100"
2020-11-19,64600,16590290,"2,547.42","976,483","2,927.80","23,397,931"
2020-11-20,64700,15068682,"2,553.50","1,129,501","2,933.75","27,266,596"
2020-11-23,67500,27134398,"2,602.59","1,649,443","2,968.20","24,749,261"
2020-11-24,67700,32158235,"2,617.76","1,364,506","2,959.60","27,591,399"
2020-11-25,66600,32447065,"2,601.54","1,410,105","2,917.67","33,950,770"
2020-11-26,68000,19023323,"2,625.91","1,387,435","2,969.86","25,021,186"
2020-11-27,68200,14063434,"2,633.45","1,196,042","2,981.51","21,944,485"
2020-11-30,66700,43811016,"2,591.34","1,311,831","2,952.98","22,996,166"
2020-12-01,67800,22327173,"2,634.25","1,151,129","2,951.04","22,396,168"
2020-12-02,69500,29703942,"2,675.90","1,076,204","3,045.57","46,998,969"
2020-12-03,69700,23677989,"2,696.22","817,066","3,046.01","30,944,888"
2020-12-04,71500,28130533,"2,731.45","1,778,897","3,077.91","29,169,878"
2020-12-07,72900,28490496,"2,745.44","1,499,265","3,096.89","22,784,346"
2020-12-08,71700,25000338,"2,700.93","1,415,240","3,082.13","29,757,182"
2020-12-09,73900,24077996,"2,755.47","1,252,305","3,132.68","22,726,157"
2020-12-10,72900,39882928,"2,746.46","1,227,651","3,129.06","28,487,452"
2020-12-11,73400,18486672,"2,770.06","1,215,239","3,122.52","19,598,554"
2020-12-14,73800,21510415,"2,762.20","1,113,631","3,108.76","17,421,172"
2020-12-15,73800,20863671,"2,756.82","1,093,523","3,145.71","31,549,385"
2020-12-16,73800,17512081,"2,771.79","1,166,638","3,188.89","30,940,579"
2020-12-17,73300,24293214,"2,770.43","1,015,484","3,260.12","36,092,301"
2020-12-18,73000,17613029,"2,772.18","1,059,144","3,224.84","22,705,041"
2020-12-21,73000,20367355,"2,778.65","1,139,514","3,209.88","25,186,923"
2020-12-22,72300,16304910,"2,733.68","1,260,762","3,128.00","32,475,171"
2020-12-23,73900,19411326,"2,759.82","1,121,347","3,186.88","28,050,988"
2020-12-24,77800,32502870,"2,806.86","1,030,890","3,251.46","42,193,191"
2020-12-28,78700,40085044,"2,808.60","1,006,250","3,292.90","37,835,310"
2020-12-29,78300,30339449,"2,820.51","1,046,839","3,338.64","33,014,696"
2020-12-30,81000,29417421,"2,873.47","1,074,033","3,432.62","58,215,312"
2021-01-04,83000,38655276,"2,944.45","1,026,510","3,526.35","45,432,206"
2021-01-05,83900,35335669,"2,990.57","1,519,912","3,555.88","39,698,469"
2021-01-06,82200,42089013,"2,968.21","1,793,419","3,554.07","51,502,460"
2021-01-07,82900,32644642,"3,031.68","1,524,655","3,601.41","54,040,503"
2021-01-08,88800,59013307,"3,152.18","1,297,903","3,640.44","44,717,085"
2021-01-11,91000,90306177,"3,148.45","1,712,526","3,622.74","59,984,700"
2021-01-12,90600,48682416,"3,125.95","1,390,618","3,621.49","45,583,431"
2021-01-13,89700,36068848,"3,148.29","1,578,042","3,640.30","30,441,259"
2021-01-14,89700,26393970,"3,149.93","1,233,183","3,622.30","34,677,935"
2021-01-15,88000,33431809,"3,085.90","1,331,079","3,624.04","47,259,390"
2021-01-18,85000,43227951,"3,013.93","1,472,049","3,629.01","38,166,671"
2021-01-19,87000,39895044,"3,092.66","1,353,312","3,684.29","36,295,885"
2021-01-20,87200,25211127,"3,114.55","1,192,695","3,831.61","47,326,300"
2021-01-21,88100,25318011,"3,160.84","1,360,065","3,848.03","33,584,879"
2021-01-22,86800,30861661,"3,140.63","1,111,223","3,770.97","38,155,327"
2021-01-25,89400,27258534,"3,208.99","1,093,653","3,874.53","65,543,474"
2021-01-26,86700,33178936,"3,140.31","873,024","3,834.38","158,867,618"
2021-01-27,85600,26423070,"3,122.56","924,582","3,770.88","102,060,441"
2021-01-28,83700,31859808,"3,069.05","1,310,455","3,656.85","77,234,684"
2021-01-29,82000,39615978,"2,976.21","995,071","3,542.93","63,766,667"
2021-02-01,83000,28046832,"3,056.53","969,262","3,633.69","41,037,549"
2021-02-02,84400,26302077,"3,096.81","887,314","3,680.53","46,338,400"
2021-02-03,84600,22112205,"3,129.68","901,789","3,700.35","29,643,762"
2021-02-04,82500,24171688,"3,087.55","1,460,946","3,628.70","29,198,238"
2021-02-05,83500,18036835,"3,120.63","1,193,487","3,650.64","27,326,562"
2021-02-08,83000,15338765,"3,091.24","1,277,207","3,615.92","20,810,573"
2021-02-09,82700,20898332,"3,084.67","2,145,388","3,629.40","27,594,187"
2021-02-10,81600,23025766,"3,100.58","2,152,917","3,636.16","20,382,386"
2021-02-15,84200,23529706,"3,147.00","1,604,653","3,822.00","144,632,357"
2021-02-16,84900,20483100,"3,163.25","1,944,396","3,868.27","105,882,948"
2021-02-17,83200,18307735,"3,133.73","1,784,127","3,839.85","86,743,025"
2021-02-18,82100,21327683,"3,086.66","1,860,567","3,733.69","39,242,793"
2021-02-19,82600,25880879,"3,107.62","3,455,505","3,804.63","66,892,049"
2021-02-22,82200,25419886,"3,079.75","1,831,956","3,757.31","35,399,512"
2021-02-23,82000,20587314,"3,070.09","2,357,759","3,708.62","36,237,909"
2021-02-24,82000,26807651,"2,994.98","1,560,931","3,603.90","49,939,500"
2021-02-25,85300,34155986,"3,099.69","1,280,086","3,777.07","49,276,905"
2021-02-26,82500,38520800,"3,012.95","1,361,310","3,673.51","31,899,368"
2021-03-02,83600,33498180,"3,043.87","1,749,871","3,720.59","35,394,501"
2021-03-03,84000,19882132,"3,082.99","2,236,688","3,759.57","23,710,182"
2021-03-04,82400,24348331,"3,043.49","1,278,952","3,682.95","22,541,892"
2021-03-05,82100,20508971,"3,026.26","1,187,226","3,635.93","26,193,144"
2021-03-08,82000,17641256,"2,996.11","1,928,302","3,539.89","20,116,496"
2021-03-09,81400,25420764,"2,976.12","1,534,218","3,504.34","30,033,063"
2021-03-10,80900,20038422,"2,958.12","905,647","3,453.74","20,702,445"
2021-03-11,82000,23818297,"3,013.70","1,349,204","3,563.12","21,358,577"
2021-03-12,82800,13530573,"3,054.39","1,669,085","3,627.43","19,318,562"
2021-03-15,81800,13735798,"3,045.71","1,161,784","3,598.90","14,631,850"
2021-03-16,82800,12293537,"3,067.17","1,123,922","3,740.72","17,912,927"
2021-03-17,82300,11625146,"3,047.50","814,991","3,749.34","16,446,389"
2021-03-18,82900,18585244,"3,066.01","1,232,596","3,781.28","19,654,859"
2021-03-19,81900,15869700,"3,039.53","1,068,468","3,754.28","17,549,058"
2021-03-22,82000,12670506,"3,035.46","915,739","3,778.10","16,102,363"
2021-03-23,81800,13299907,"3,004.74","1,331,210","3,723.36","17,771,358"
2021-03-24,81000,17926638,"2,996.35","978,431","3,763.35","21,456,721"
2021-03-25,81200,14758826,"3,008.33","940,354","3,739.03","20,156,555"
2021-03-26,81500,12845778,"3,041.01","1,036,383","3,743.64","16,420,481"
2021-03-29,81600,14952134,"3,036.04","1,288,846","3,699.71","17,192,806"
2021-03-30,82200,13121698,"3,070.00","1,023,075","3,746.64","12,629,687"
2021-03-31,81400,17240518,"3,061.42","1,146,989","3,721.59","13,728,511"
2021-04-01,82900,18676461,"3,087.40","922,680","3,860.09","29,890,432"
2021-04-02,84800,22997538,"3,112.80","792,705","3,903.25","35,134,904"
2021-04-05,85400,16255990,"3,120.83","1,084,792","3,979.41","28,338,021"
2021-04-06,86000,19042023,"3,127.08","1,279,017","3,969.47","22,372,954"
2021-04-07,85600,17885538,"3,137.41","1,984,774","3,952.37","15,013,745"
2021-04-08,84700,19244259,"3,143.26","1,357,293","3,956.24","20,063,830"
2021-04-09,83600,18193707,"3,131.88","1,823,162","3,936.82","16,046,399"
2021-04-12,83200,12915282,"3,135.59","1,048,783","3,934.44","15,867,192"
2021-04-13,84000,15238206,"3,169.08","1,741,348","3,975.71","28,978,605"
2021-04-14,84000,13794652,"3,182.38","1,776,265","3,939.55","20,886,594"
2021-04-15,84100,16377412,"3,194.33","1,312,992","3,956.68","19,789,490"
2021-04-16,83900,15429522,"3,198.62","985,278","3,997.23","19,425,872"
2021-04-19,83300,15287311,"3,198.84","1,060,619","4,128.87","101,748,667"
2021-04-20,83900,15521965,"3,220.70","1,296,160","4,146.24","35,160,696"
2021-04-21,82600,21636079,"3,171.66","1,767,091","4,088.88","36,357,545"
2021-04-22,82400,13934746,"3,177.52","1,752,692","4,108.04","26,673,942"
2021-04-23,82800,17805080,"3,186.10","2,253,793","4,125.17","23,211,646"
2021-04-26,83500,15489938,"3,217.53","1,298,330","4,138.65","23,450,718"
2021-04-27,82900,12941533,"3,215.42","1,534,230","4,126.21","20,630,209"
2021-04-28,82100,15596759,"3,181.47","1,412,621","3,953.86","29,727,335"
2021-04-29,81700,20000973,"3,174.07","1,222,430","3,902.59","22,854,178"
2021-04-30,81500,18673197,"3,147.86","1,359,455","3,872.42","19,441,738"
2021-05-03,81700,15710336,"3,127.20","1,041,199","3,852.24","19,861,668"
2021-05-04,82600,12532550,"3,147.37","1,283,830","3,870.59","20,327,698"
2021-05-06,82300,17047511,"3,178.74","1,239,403","3,832.74","19,682,896"
2021-05-07,81900,14154882,"3,197.20","989,680","3,841.40","15,080,811"
2021-05-10,83200,19385027,"3,249.30","1,011,267","3,878.08","18,526,677"
2021-05-11,81200,28996680,"3,209.43","1,096,718","3,741.20","28,534,628"
2021-05-12,80000,35812268,"3,161.66","1,424,059","3,703.73","22,765,740"
2021-05-13,78500,31490096,"3,122.11","1,095,948","3,605.73","27,482,674"
2021-05-14,80100,16450920,"3,153.32","836,404","3,722.75","21,306,633"
2021-05-17,79600,17740855,"3,134.52","771,306","3,683.17","19,399,501"
2021-05-18,79600,17494407,"3,173.05","786,143","3,740.24","16,437,111"
2021-05-20,79500,16541828,"3,162.28","774,252","3,800.72","20,962,239"
2021-05-21,80100,20961714,"3,156.42","797,262","3,801.24","18,267,624"
2021-05-24,79700,13398666,"3,144.30","587,968","3,694.26","15,483,637"
2021-05-25,79900,13628942,"3,171.32","612,977","3,737.97","12,488,621"
2021-05-26,79800,11984359,"3,168.43","1,269,999","3,734.71","12,398,627"
2021-05-27,79600,23198510,"3,165.51","1,082,006","3,783.94","17,008,744"
2021-05-28,80100,12360199,"3,188.73","966,368","3,775.97","10,552,345"
2021-05-31,80500,13321324,"3,203.92","1,123,525","3,780.31","11,873,980"
2021-06-01,80600,14058401,"3,221.87","1,472,571","3,813.15","11,446,661"
2021-06-02,80800,16414644,"3,224.23","1,495,671","3,802.40","14,455,643"
2021-06-03,82800,29546007,"3,247.43","1,584,799","3,902.71","31,038,058"
2021-06-04,82200,18112259,"3,240.08","1,392,320","3,865.46","14,580,166"
2021-06-07,81900,16496197,"3,252.12","1,733,348","3,857.56","14,446,986"
2021-06-08,81900,12781226,"3,247.83","1,951,319","3,821.30","13,401,991"
2021-06-09,81100,14908823,"3,216.18","1,964,923","3,746.45","16,204,062"
2021-06-10,81000,17586995,"3,224.64","1,896,766","3,766.53","15,099,984"
2021-06-11,81000,14087962,"3,249.32","1,645,509","3,805.10","13,355,838"
2021-06-14,80500,10550078,"3,252.13","1,664,527","3,787.15","8,893,986"
2021-06-15,80900,10075685,"3,258.63","1,734,497","3,804.93","11,603,693"
2021-06-16,81800,14999855,"3,278.68","2,345,811","3,826.85","10,341,767"
2021-06-17,80900,14007385,"3,264.96","1,848,671","3,849.77","12,968,165"
2021-06-18,80500,14916721,"3,267.93","1,627,658","3,864.54","18,565,328"
2021-06-21,79900,16063340,"3,240.79","1,508,634","3,802.18","15,220,208"
2021-06-22,80000,11773365,"3,263.88","1,666,697","3,811.85","13,369,417"
2021-06-23,80100,13856548,"3,276.19","1,069,175","3,829.08","16,718,815"
2021-06-24,81200,18771080,"3,286.10","1,301,271","3,841.06","16,869,469"
2021-06-25,81600,13481405,"3,302.84","1,198,188","3,896.49","14,955,385"
2021-06-28,81900,11578529,"3,301.89","1,428,764","3,888.51","13,685,181"
2021-06-29,81000,15744317,"3,286.68","1,213,047","3,908.84","14,361,990"
2021-06-30,80700,13288643,"3,296.68","1,610,376","3,963.97","20,024,932"
2021-07-01,80100,13382882,"3,282.06","1,159,231","3,933.83","14,881,521"
2021-07-02,80000,8753097,"3,281.78","1,019,998","3,896.27","16,916,994"
2021-07-05,80400,8330969,"3,293.21","850,406","3,930.17","15,221,761"
2021-07-06,81200,12131651,"3,305.21","1,029,465","3,948.75","21,716,976"
2021-07-07,80800,15992202,"3,285.34","1,147,641","3,931.00","16,533,783"
2021-07-08,79900,16660998,"3,252.68","1,516,034","3,864.96","16,936,888"
2021-07-09,79400,22720577,"3,217.95","1,308,365","3,827.84","20,599,959"
2021-07-12,79700,9768108,"3,246.47","1,135,043","3,851.51","13,508,035"
2021-07-13,79800,9863450,"3,271.38","1,150,101","3,895.67","12,876,411"
2021-07-14,79500,11575636,"3,264.81","908,954","3,890.72","12,770,641"
2021-07-15,80600,13766279,"3,286.22","1,172,431","3,957.14","20,952,405"
2021-07-16,79800,10859399,"3,276.91","1,066,507","3,896.64","14,984,736"
2021-07-19,79000,13155414,"3,244.04","1,095,559","3,894.59","17,757,318"
2021-07-20,79000,12456646,"3,232.70","979,670","3,872.75","17,862,851"
2021-07-21,78500,12355296,"3,215.91","990,327","3,864.97","13,316,116"
2021-07-22,79700,12618790,"3,250.21","712,983","3,971.37","30,509,393"
2021-07-23,79300,9098910,"3,254.42","805,048","3,960.73","15,982,560"
2021-07-26,78800,10040975,"3,224.95","826,067","3,929.89","14,558,144"
2021-07-27,78500,11427693,"3,232.53","991,939","3,929.77","15,828,384"
2021-07-28,79200,12743417,"3,236.86","868,603","3,866.75","18,600,998"
2021-07-29,79000,14360453,"3,242.65","694,823","3,863.18","11,331,528"
2021-07-30,78500,13823411,"3,202.32","687,861","3,825.50","12,442,321"
2021-08-02,79300,11739124,"3,223.04","561,003","3,905.20","16,300,818"
2021-08-03,81400,24339360,"3,237.14","653,513","3,977.58","21,489,444"
2021-08-04,82900,25642368,"3,280.38","632,242","3,994.22","20,432,051"
2021-08-05,82100,18485469,"3,276.13","680,941","4,016.69","22,102,111"
2021-08-06,81500,13342623,"3,270.36","941,361","4,001.72","16,804,144"
2021-08-09,81500,15522581,"3,260.42","707,654","4,021.32","23,634,612"
2021-08-10,80200,20362639,"3,243.19","730,349","3,951.18","23,457,896"
2021-08-11,78500,30241137,"3,220.62","618,093","3,805.93","35,383,864"
2021-08-12,77000,42365223,"3,208.38","643,283","3,738.06","37,650,145"
2021-08-13,74400,61270643,"3,171.29","696,468","3,675.22","35,499,902"
2021-08-17,74200,30944847,"3,143.09","690,842","3,638.52","23,200,911"
2021-08-18,73900,29192631,"3,158.93","622,792","3,688.89","20,455,512"
2021-08-19,73100,22166298,"3,097.83","655,629","3,573.15","21,319,816"
2021-08-20,72700,22364803,"3,060.51","672,088","3,533.22","19,886,433"
2021-08-23,73300,19384648,"3,090.21","570,980","3,579.17","14,245,189"
2021-08-24,75600,21016913,"3,138.30","586,535","3,681.26","17,179,019"
2021-08-25,75700,22319664,"3,146.81","624,688","3,665.71","18,457,192"
2021-08-26,74600,16671494,"3,128.53","727,719","3,682.05","17,630,677"
2021-08-27,74300,15172748,"3,133.90","520,669","3,668.77","13,883,792"
2021-08-30,74600,12686999,"3,144.19","602,858","3,671.93","11,604,090"
2021-08-31,76700,24630370,"3,199.27","661,221","3,716.53","14,973,041"
2021-09-01,76800,16114775,"3,207.02","746,705","3,735.08","14,263,434"
2021-09-02,76000,15347486,"3,175.85","757,860","3,696.08","10,477,454"
2021-09-03,76600,12096419,"3,201.06","641,510","3,723.78","13,663,714"
2021-09-06,77300,12861180,"3,203.33","726,190","3,715.77","12,139,876"
2021-09-07,76100,13239401,"3,187.42","760,160","3,673.92","13,676,748"
2021-09-08,76300,11798147,"3,162.99","859,889","3,658.35","13,286,743"
2021-09-09,75300,17600770,"3,114.70","927,369","3,592.51","15,362,239"
2021-09-10,75300,10103212,"3,125.76","723,085","3,627.89","15,232,894"
2021-09-13,76300,11397775,"3,127.86","732,270","3,593.77","14,557,687"
2021-09-14,76600,18167057,"3,148.83","713,227","3,637.79","12,098,038"
2021-09-15,77000,12829128,"3,153.40","616,557","3,630.63","18,975,176"
2021-09-16,76100,13067622,"3,130.09","612,873","3,575.20","18,067,046"
2021-09-17,77200,16289502,"3,140.51","589,244","3,641.29","21,065,132"
2021-09-23,77400,17055590,"3,127.58","623,841","3,577.79","14,853,616"
2021-09-24,77300,12247274,"3,125.24","753,222","3,552.60","16,074,798"
2021-09-27,77700,11699798,"3,133.64","883,229","3,535.66","49,281,780"
2021-09-28,76300,15406382,"3,097.92","894,913","3,442.61","21,571,352"
2021-09-29,74100,23992458,"3,060.27","821,558","3,373.47","42,325,983"
2021-09-30,74100,19919361,"3,068.82","885,819","3,392.34","19,098,408"
2021-10-01,73200,15803395,"3,019.18","855,482","3,314.20","21,605,405"
2021-10-05,72200,24013921,"2,962.17","840,557","3,265.89","20,342,153"
2021-10-06,71300,18956962,"2,908.31","901,722","3,180.42","21,540,233"
2021-10-07,71600,13683532,"2,959.46","595,382","3,258.66","18,576,994"
2021-10-08,71500,14043287,"2,956.30","668,947","3,194.99","16,593,429"
2021-10-12,69000,31001484,"2,916.38","660,181","3,155.13","15,111,417"
2021-10-13,68800,24172015,"2,944.41","752,132","3,158.64","12,400,168"
2021-10-14,69400,19520641,"2,988.64","617,170","3,254.11","16,440,392"
2021-10-15,70100,18051612,"3,015.06","857,798","3,333.47","21,027,548"
2021-10-18,70200,13486391,"3,006.68","926,369","3,341.99","14,462,547"
2021-10-19,70600,9507991,"3,029.04","845,704","3,350.03","12,293,111"
2021-10-20,70300,10151638,"3,013.13","680,327","3,327.84","12,341,318"
2021-10-21,70200,10891094,"3,007.33","887,370","3,295.76","37,192,564"
2021-10-22,70400,8395448,"3,006.16","695,273","3,316.01","12,342,885"
2021-10-25,70200,10029621,"3,020.54","791,796","3,340.17","11,861,053"
2021-10-26,71100,10528252,"3,049.08","564,560","3,403.60","16,554,153"
2021-10-27,70100,10295316,"3,025.49","607,875","3,388.44","16,574,865"
2021-10-28,70700,20644902,"3,009.55","617,257","3,507.52","31,326,454"
2021-10-29,69800,17016151,"2,970.68","545,834","3,451.55","24,482,949"
2021-11-01,69900,11503729,"2,978.94","475,382","3,478.49","14,608,245"
2021-11-02,71500,16812570,"3,013.49","525,853","3,511.31","27,482,181"
2021-11-03,70400,12770428,"2,975.71","658,648","3,461.84","16,030,863"
2021-11-04,70600,11818987,"2,983.22","772,024","3,472.60","14,727,231"
2021-11-05,70200,12667743,"2,969.27","688,028","3,495.51","24,556,372"
2021-11-08,70600,11121981,"2,960.20","560,205","3,481.55","16,807,196"
2021-11-09,70500,11159589,"2,962.46","708,773","3,489.22","17,560,234"
2021-11-10,70200,9422009,"2,930.17","570,932","3,417.32","16,097,776"
2021-11-11,69900,11489122,"2,924.92","572,859","3,416.20","17,034,338"
2021-11-12,70600,10087450,"2,968.80","665,733","3,488.53","18,793,088"
2021-11-15,71400,12420710,"2,999.52","639,396","3,616.38","41,102,258"
2021-11-16,71300,10919239,"2,997.21","579,646","3,619.30","29,660,350"
2021-11-17,70700,11027606,"2,962.42","541,490","3,609.27","22,758,481"
2021-11-18,70200,10144957,"2,947.38","541,653","3,607.34","17,606,289"
2021-11-19,71200,11954728,"2,971.02","657,094","3,734.22","30,792,903"
2021-11-22,74900,27506623,"3,013.25","530,959","3,896.42","74,122,650"
2021-11-23,75300,22029195,"2,997.33","524,233","3,858.41","31,058,615"
2021-11-24,74800,15652305,"2,994.29","556,640","3,800.48","33,471,460"
2021-11-25,73700,12559258,"2,980.27","595,970","3,744.74","19,201,920"
2021-11-26,72300,13002242,"2,936.44","595,598","3,689.43","24,833,578"
2021-11-29,72300,16682559,"2,909.32","844,400","3,649.78","23,057,724"
2021-11-30,71300,30364841,"2,839.01","983,556","3,562.01","37,493,569"
2021-12-01,74400,21954856,"2,899.72","563,927","3,669.80","25,470,397"
2021-12-02,75800,23652940,"2,945.27","534,462","3,787.09","43,365,697"
2021-12-03,75600,18330240,"2,968.33","486,749","3,805.42","23,714,599"
2021-12-06,76300,16391250,"2,973.25","479,908","3,855.99","27,301,201"
2021-12-07,77400,19232453,"2,991.72","541,370","3,913.99","31,173,284"
2021-12-08,77400,21558340,"3,001.80","488,246","3,861.05","36,472,525"
2021-12-09,78200,21604528,"3,029.57","513,446","3,879.76","25,547,748"
2021-12-10,76900,9155219,"3,010.23","451,599","3,814.13","54,063,678"
2021-12-13,76800,15038750,"3,001.66","375,828","3,845.75","21,879,191"
2021-12-14,77000,10976660,"2,987.95","581,570","3,828.30","14,492,827"
2021-12-15,77600,9584939,"2,989.39","432,874","3,852.69","33,241,274"
2021-12-16,77800,11996128,"3,006.41","402,825","3,891.00","24,606,863"
2021-12-17,78000,13108479,"3,017.73","451,824","3,835.62","20,261,234"
2021-12-20,77100,11264375,"2,963.00","377,585","3,794.23","25,459,805"
2021-12-21,78100,14245298,"2,975.03","410,980","3,904.63","38,615,385"
2021-12-22,79400,17105892,"2,984.48","461,755","3,927.89","28,139,731"
2021-12-23,79900,13577498,"2,998.17","483,839","4,005.21","34,922,863"
2021-12-24,80500,12086380,"3,012.43","537,548","3,995.59","19,109,573"
2021-12-27,80200,10783368,"2,999.55","475,363","3,979.61","18,097,728"
2021-12-28,80300,18226325,"3,020.24","607,046","4,047.39","24,098,041"
2021-12-29,78800,19794795,"2,993.29","545,832","4,004.93","23,645,105"
2021-12-30,78300,14236700,"2,977.65","461,038","4,073.53","25,046,292"
2022-01-03,78600,13502112,"2,988.77","435,826","4,106.93","24,353,231"
2022-01-04,78700,12427416,"2,989.24","621,549","4,070.45","20,295,873"
2022-01-05,77400,25470640,"2,953.97","787,346","3,946.14","26,041,833"
2022-01-06,76900,12931954,"2,920.53","786,045","3,861.72","19,314,968"
2022-01-07,78300,15163757,"2,954.89","546,172","3,943.87","17,485,488"
2022-01-10,78000,9947422,"2,926.72","477,400","3,860.01","16,927,539"
2022-01-11,78900,13221123,"2,927.38","566,172","3,869.03","21,024,381"
2022-01-12,78900,11000502,"2,972.48","519,501","3,955.49","20,774,132"
2022-01-13,77900,13889401,"2,962.09","604,871","3,957.14","15,933,735"
2022-01-14,77300,10096725,"2,921.92","532,668","3,985.52","20,872,148"
2022-01-17,77500,8785122,"2,890.10","593,261","3,982.35","17,215,508"
2022-01-18,77000,9592788,"2,864.24","554,041","3,959.28","25,292,216"
2022-01-19,76300,10598290,"2,842.28","463,829","3,903.32","18,384,407"
2022-01-20,76500,9708168,"2,862.68","395,669","3,949.51","16,311,239"
2022-01-21,75600,15774888,"2,834.29","532,753","3,782.09","25,627,292"
2022-01-24,75100,13691134,"2,792.00","473,993","3,772.58","18,620,055"
2022-01-25,74000,17766704,"2,720.39","639,959","3,739.71","23,289,016"
2022-01-26,73300,12976730,"2,709.24","472,651","3,669.60","17,923,526"
2022-01-27,71300,22274777,"2,614.49","487,727","3,558.94","22,003,940"
2022-01-28,73300,21367447,"2,663.34","434,187","3,709.78","21,735,306"
2022-02-03,73300,17744721,"2,707.82","435,710","3,714.82","19,363,447"
2022-02-04,74000,12730034,"2,750.26","536,149","3,748.42","16,082,994"
2022-02-07,73000,14240838,"2,745.06","417,838","3,675.86","15,949,420"
2022-02-08,73500,11736666,"2,746.47","560,534","3,624.33","17,462,711"
2022-02-09,74700,9699122,"2,768.85","539,124","3,686.75","15,221,486"
2022-02-10,75400,17746033,"2,771.93","509,611","3,706.30","19,820,083"
2022-02-11,74900,12205407,"2,747.71","480,520","3,656.89","17,238,081"
2022-02-14,73700,13993255,"2,704.48","616,343","3,566.77","18,411,539"
2022-02-15,73700,9320365,"2,676.54","589,039","3,507.92","15,251,777"
2022-02-16,74800,10767386,"2,729.68","422,366","3,660.97","15,680,812"
2022-02-17,75000,13605382,"2,744.09","611,422","3,663.66","20,160,271"
2022-02-18,74300,10122226,"2,744.52","513,521","3,673.89","12,211,682"
2022-02-21,74200,10489717,"2,743.80","495,301","3,637.77","11,400,112"
2022-02-22,73400,11692469,"2,706.79","648,401","3,585.69","17,840,729"
2022-02-23,73000,10397964,"2,719.53","537,841","3,624.88","14,030,552"
2022-02-24,71500,15759283,"2,648.80","926,400","3,511.63","23,270,958"
2022-02-25,71900,13168484,"2,676.76","664,347","3,592.09","22,092,172"
2022-02-28,72100,17781783,"2,699.18","613,470","3,598.41","14,386,222"
2022-03-02,71700,12481430,"2,703.52","527,950","3,638.19","15,290,023"
2022-03-03,72900,13232638,"2,747.08","614,515","3,725.05","17,377,145"
2022-03-04,71500,13409634,"2,713.43","765,676","3,658.63","13,604,669"
2022-03-07,70100,18617138,"2,651.31","571,562","3,545.07","15,651,326"
2022-03-08,69500,15828269,"2,622.40","540,370","3,492.24","16,021,845"
2022-03-10,71200,21159248,"2,680.32","613,810","3,579.25","18,145,765"
2022-03-11,70000,15787655,"2,661.28","797,034","3,537.63","13,367,649"
2022-03-14,70200,9040993,"2,645.65","636,324","3,456.67","13,724,406"
2022-03-15,69500,10258562,"2,621.53","604,182","3,417.20","10,979,229"
2022-03-16,70400,10175750,"2,659.23","736,354","3,529.53","13,390,930"
2022-03-17,71200,17646315,"2,694.51","546,079","3,645.00","22,734,647"
2022-03-18,70700,14410038,"2,707.02","644,017","3,686.18","18,908,612"
2022-03-21,69900,11169002,"2,686.05","502,402","3,676.49","14,176,338"
2022-03-22,70300,9402666,"2,710.00","489,442","3,723.61","13,255,388"
2022-03-23,70500,12398025,"2,735.05","883,376","3,738.83","13,542,165"
2022-03-24,69800,37943357,"2,729.66","960,898","3,751.34","13,439,920"
2022-03-25,69800,12986010,"2,729.98","602,771","3,753.90","18,242,770"
2022-03-28,69700,12619289,"2,729.56","768,043","3,753.52","15,423,902"
2022-03-29,70200,13686208,"2,741.07","732,159","3,792.49","16,978,029"
2022-03-30,69900,12670187,"2,746.74","840,134","3,794.45","17,414,047"
2022-03-31,69600,12510366,"2,757.65","1,030,289","3,774.36","13,847,383"
2022-04-01,69100,15916846,"2,739.85","1,305,564","3,710.33","12,131,663"
2022-04-04,69300,11107905,"2,757.90","1,022,971","3,722.30","12,418,652"
2022-04-05,69200,8467248,"2,759.20","1,605,994","3,741.20","15,536,648"
2022-04-06,68500,15517308,"2,735.03","1,321,645","3,641.39","16,109,625"
2022-04-07,68000,20683327,"2,695.86","999,276","3,640.25","16,327,112"
2022-04-08,67800,15453191,"2,700.39","948,355","3,646.99","13,611,371"
2022-04-11,67900,12263735,"2,693.10","742,602","3,600.26","11,145,462"
2022-04-12,67000,13924389,"2,666.76","870,970","3,606.75","12,765,757"
2022-04-13,68700,17378619,"2,716.49","733,241","3,672.84","14,468,460"
2022-04-14,67500,16409494,"2,716.71","665,351","3,654.50","15,074,556"
2022-04-15,66600,13176415,"2,696.06","693,718","3,621.10","16,386,372"
2022-04-18,66700,10119203,"2,693.21","1,024,915","3,639.18","12,646,535"
2022-04-19,67300,12959434,"2,718.89","1,257,385","3,767.78","24,163,838"
2022-04-20,67400,16693293,"2,718.69","1,736,283","3,766.89","15,689,984"
2022-04-21,67700,12847448,"2,728.21","1,002,973","3,795.07","13,246,166"
2022-04-22,67000,11791478,"2,704.71","1,239,910","3,745.54","12,910,729"
2022-04-25,66300,11016474,"2,657.13","1,018,005","3,656.27","14,098,254"
2022-04-26,66100,12946923,"2,668.31","889,942","3,698.29","11,856,628"
2022-04-27,65000,18122084,"2,639.06","1,072,367","3,640.88","13,514,905"
2022-04-28,64800,16895527,"2,667.49","899,169","3,609.38","12,617,468"
2022-04-29,67400,26190390,"2,695.05","975,253","3,663.27","12,468,391"
2022-05-02,67300,14106184,"2,687.45","873,723","3,615.47","11,185,683"
2022-05-03,67500,14168875,"2,680.46","883,403","3,668.14","15,088,810"
2022-05-04,67900,11505248,"2,677.57","1,181,020","3,631.69","13,951,986"
2022-05-06,66500,14356156,"2,644.51","1,333,936","3,554.88","13,109,339"
2022-05-09,66100,11858736,"2,610.81","892,653","3,482.96","12,986,911"
2022-05-10,65700,17235605,"2,596.56","841,463","3,530.33","19,743,545"
2022-05-11,65700,12330920,"2,592.27","679,510","3,602.83","13,935,532"
2022-05-12,64900,16414188,"2,550.08","900,331","3,501.66","16,498,274"
2022-05-13,66500,14551536,"2,604.24","788,539","3,610.56","15,106,079"
2022-05-16,66300,11937555,"2,596.58","780,199","3,585.24","13,519,677"
2022-05-17,67600,15680447,"2,620.44","873,519","3,627.03","15,304,466"
2022-05-18,68100,16486319,"2,625.98","870,268","3,650.31","23,265,762"
2022-05-19,67500,17073727,"2,592.34","677,595","3,612.98","17,888,329"
2022-05-20,68000,12109671,"2,639.29","755,653","3,633.69","15,452,029"
2022-05-23,67900,13684088,"2,647.38","644,205","3,655.51","14,653,003"
2022-05-24,66500,15482576,"2,605.87","851,236","3,511.78","20,835,932"
2022-05-25,66400,15150490,"2,617.22","712,611","3,539.09","14,744,843"
2022-05-26,65900,15970890,"2,612.45","595,849","3,474.68","125,350,875"
2022-05-27,66500,11405555,"2,638.05","590,814","3,498.27","39,652,365"
2022-05-30,67700,14255484,"2,669.66","469,798","3,543.27","17,510,879"
2022-05-31,67400,24365002,"2,685.90","671,679","3,554.93","61,299,419"
2022-06-02,66700,14959443,"2,658.99","525,259","3,535.58","26,289,686"
2022-06-03,66800,8222883,"2,670.65","562,470","3,530.77","28,395,761"
2022-06-07,65500,19355755,"2,626.34","524,710","3,439.78","73,774,078"
2022-06-08,65300,12483180,"2,626.15","576,390","3,446.62","31,032,544"
2022-06-09,65200,25790725,"2,625.44","814,883","3,436.36","21,822,284"
2022-06-10,63800,22193552,"2,595.87","724,090","3,377.60","16,718,643"
2022-06-13,62100,22157816,"2,504.51","660,309","3,214.16","20,857,409"
2022-06-14,61900,24606419,"2,492.97","671,757","3,200.06","20,174,198"
2022-06-15,60700,26811224,"2,447.38","714,143","3,124.70","17,830,604"
2022-06-16,60900,23394895,"2,451.41","584,041","3,116.34","17,317,912"
2022-06-17,59800,29053450,"2,440.93","634,897","3,063.69","18,961,444"
2022-06-20,58700,34111306,"2,391.03","592,702","2,958.11","19,158,567"
2022-06-21,58500,25148109,"2,408.93","479,678","2,974.38","19,548,129"
2022-06-22,57600,23334687,"2,342.81","532,139","2,803.19","23,080,528"
2022-06-23,57400,28338608,"2,314.32","749,661","2,762.87","28,165,119"
2022-06-24,58400,23256103,"2,366.60","654,446","2,859.36","16,988,380"
2022-06-27,58800,18122236,"2,401.92","510,587","2,935.76","18,117,988"
2022-06-28,59400,13540538,"2,422.09","564,986","2,922.35","17,437,401"
2022-06-29,58000,14677138,"2,377.99","422,127","2,891.14","15,125,247"
2022-06-30,57000,18915142,"2,332.64","515,396","2,797.99","15,691,417"
2022-07-01,56200,24982097,"2,305.42","530,346","2,717.24","17,736,840"
2022-07-04,57100,17807126,"2,300.34","467,960","2,687.66","14,805,912"
2022-07-05,57200,14216539,"2,341.78","323,905","2,782.51","13,495,479"
2022-07-06,56400,16820461,"2,292.01","410,732","2,728.60","13,962,884"
2022-07-07,58200,21322833,"2,334.27","340,173","2,802.02","13,856,806"
2022-07-08,58700,15339271,"2,350.61","411,425","2,812.16","11,617,032"
2022-07-11,58800,13042624,"2,340.27","377,108","2,809.63","14,635,333"
2022-07-12,58100,9336061,"2,317.76","379,308","2,680.37","21,318,339"
2022-07-13,58000,10841315,"2,328.61","308,806","2,723.90","20,730,036"
2022-07-14,57500,15067012,"2,322.32","349,138","2,732.28","12,331,751"
2022-07-15,60000,18685583,"2,330.98","319,675","2,783.26","17,157,364"
2022-07-18,61900,20832517,"2,375.25","324,357","2,864.97","17,928,237"
2022-07-19,60900,15248261,"2,370.97","339,378","2,846.23","13,361,572"
2022-07-20,60500,16782238,"2,386.85","333,329","2,879.67","16,012,857"
2022-07-21,61800,12291374,"2,409.16","295,624","2,918.11","12,623,898"
2022-07-22,61300,10261310,"2,393.14","381,597","2,883.29","13,192,416"
2022-07-25,61100,9193681,"2,403.69","323,091","2,872.95","7,679,282"
2022-07-26,61700,6597211,"2,412.96","415,671","2,887.65","10,453,964"
2022-07-27,61800,7320997,"2,415.53","333,588","2,893.39","9,485,737"
2022-07-28,61900,10745302,"2,435.27","491,073","2,898.07","20,292,718"
2022-07-29,61400,15093120,"2,451.50","499,369","2,911.58","34,126,095"
2022-08-01,61300,13154816,"2,452.25","487,160","2,897.84","47,617,315"
2022-08-02,61700,13614895,"2,439.62","549,924","2,859.11","18,757,067"
2022-08-03,61300,10053861,"2,461.45","475,302","2,864.47","28,082,096"
2022-08-04,61500,9125439,"2,473.11","399,965","2,880.70","15,163,803"
2022-08-05,61500,9567620,"2,490.80","409,776","2,896.64","16,993,892"
2022-08-08,60800,11313150,"2,493.10","418,234","2,858.99","29,245,448"
2022-08-09,60000,18251170,"2,503.46","454,364","2,814.95","18,906,391"
2022-08-10,59100,18084349,"2,480.88","479,467","2,718.00","24,066,181"
2022-08-11,59900,15141941,"2,523.78","505,246","2,788.96","54,483,450"
2022-08-12,60200,10786658,"2,527.94","445,547","2,828.91","23,032,921"
2022-08-16,61000,15036727,"2,533.52","398,335","2,893.35","20,506,859"
2022-08-17,60400,9061518,"2,516.47","418,053","2,876.28","14,270,234"
2022-08-18,61500,16372754,"2,508.05","381,628","2,891.99","12,440,931"
2022-08-19,60900,6923679,"2,492.69","459,835","2,858.83","15,985,770"
2022-08-22,60000,8259865,"2,462.50","422,552","2,790.83","12,609,532"
2022-08-23,59100,9041629,"2,435.34","471,166","2,745.73","14,852,606"
2022-08-24,59000,8888486,"2,447.45","423,502","2,745.41","19,313,569"
2022-08-25,59700,5767902,"2,477.26","426,230","2,814.10","16,894,557"
2022-08-26,60000,9499995,"2,481.03","520,091","2,832.14","58,200,226"
2022-08-29,58600,9841329,"2,426.89","448,746","2,721.16","28,645,924"
2022-08-30,58800,9690044,"2,450.93","336,555","2,782.28","17,775,593"
2022-08-31,59700,14203512,"2,472.05","436,247","2,836.87","16,229,034"
2022-09-01,58400,14905777,"2,415.61","580,021","2,757.54","16,969,542"
2022-09-02,57500,15040310,"2,409.41","391,599","2,722.86","13,772,696"
2022-09-05,57100,11425977,"2,403.68","354,738","2,682.49","12,839,266"
2022-09-06,57100,7503086,"2,410.02","294,224","2,703.21","14,644,917"
2022-09-07,56000,17384854,"2,376.46","378,200","2,648.93","17,949,263"
2022-09-08,55600,18000016,"2,384.28","423,621","2,637.95","21,269,547"
2022-09-13,58100,17166581,"2,449.54","367,103","2,759.84","22,168,955"
2022-09-14,56800,12524961,"2,411.42","461,508","2,697.04","15,432,295"
2022-09-15,56000,11664819,"2,401.83","424,111","2,684.17","21,190,141"
2022-09-16,56200,13456503,"2,382.78","440,799","2,653.36","16,266,190"
2022-09-19,56400,12278653,"2,355.66","403,937","2,639.85","15,393,818"
2022-09-20,55800,14041465,"2,367.85","419,340","2,628.65","21,964,265"
2022-09-21,55300,11863700,"2,347.21","378,165","2,596.88","16,798,160"
2022-09-22,54400,12786510,"2,332.31","446,820","2,552.92","17,103,354"
2022-09-23,54500,10555964,"2,290.00","446,461","2,489.17","16,307,078"
2022-09-26,53900,15008449,"2,220.94","621,995","2,388.76","19,704,870"
2022-09-27,54200,16631289,"2,223.86","487,940","2,391.25","19,322,796"
2022-09-28,52900,12027455,"2,162.20","420,990","2,320.40","10,893,166"
